user_id,user_first,user_last,user_email,user_address,user_home_phone,user_cell_phone
1,Marris,Drinkale,mdrinkale0@bing.com,"95900 Wayridge Pass",804-189-2718,713-952-4975
2,Micheline,Heasley,mheasley1@forbes.com,"26 Sunnyside Lane",541-163-0186,292-903-7872
3,Annabel,Warrick,awarrick2@hubpages.com,"6 Hovde Park",129-491-3224,136-458-5846
4,Langsdon,Donativo,ldonativo3@smh.com.au,"51 Crescent Oaks Hill",512-512-9901,168-910-0494
5,Lucille,Maier,lmaier4@foxnews.com,"0818 Sloan Terrace",462-583-2746,387-402-0740
6,Dianemarie,Badam,dbadam5@360.cn,"394 Kingsford Alley",600-985-9922,254-697-8328
7,Gwenneth,Pardal,gpardal6@fda.gov,"6 Bunker Hill Plaza",279-672-2215,864-845-3002
8,Keriann,Castellone,kcastellone7@facebook.com,"78 Carioca Road",960-711-0871,320-278-8175
9,Roman,McGahey,rmcgahey8@technorati.com,"1 Straubel Court",777-472-0001,272-384-9090
10,Penelopa,Macrow,pmacrow9@photobucket.com,"33215 Towne Park",595-602-8183,104-390-7214
11,Domenico,Sammut,dsammuta@myspace.com,"70603 Old Gate Parkway",404-969-2408,916-540-7352
12,Janifer,Chinn,jchinnb@google.co.uk,"27 Walton Pass",451-262-0732,999-120-0548
13,Gae,Khosa,gkhosac@dagondesign.com,"1 Sommers Court",694-306-3061,165-426-5051
14,Jacobo,Vockins,jvockinsd@go.com,"63054 Fordem Park",197-709-4199,331-927-7987
15,Marlo,MacCawley,mmaccawleye@multiply.com,"162 Evergreen Lane",113-101-6577,501-403-2011
16,Myrtle,Wasling,mwaslingf@tamu.edu,"368 Clarendon Circle",878-890-8429,186-216-3597
17,Toiboid,Thring,tthringg@qq.com,"331 Menomonie Park",611-843-5420,606-609-8575
18,Kaja,Snepp,ksnepph@blogspot.com,"12401 Bartelt Street",159-515-4362,138-672-0828
19,Merle,Strond,mstrondi@omniture.com,"7 Hanson Street",190-571-2175,984-661-9281
20,Rhodie,Baigrie,rbaigriej@sohu.com,"6 Karstens Court",104-550-8421,980-798-3622
21,Rorke,Geoghegan,rgeoghegank@google.nl,"7 Florence Trail",785-517-0270,431-131-2250
22,Erskine,Penhallurick,epenhallurickl@tinyurl.com,"01 Eastlawn Alley",112-985-6126,444-346-9867
23,Ciro,Piquard,cpiquardm@youku.com,"44 Boyd Park",985-847-0997,418-864-1373
24,Gauthier,Greenlies,ggreenliesn@nyu.edu,"7 Loeprich Drive",496-382-8813,202-244-3463
25,Case,Warratt,cwarratto@walmart.com,"8 Lien Park",939-277-4836,409-178-5845
